co_quan,ky_hieu,loai_hinh,loai_truong,ten_tienganh,ten_truong,tinh,website
"Bộ Văn hóa, Thể thao và Du lịch",HVA,Học viện,Công lập,Hue Academy of Music,HỌC VIỆN ÂM NHẠC HUẾ,Thừa Thiên Huế,http://hocvienamnhachue.edu.vn/
Bộ Giáo dục và Đào tạo,E,Đại học,Công lập,The University of Da Nang,ĐẠI HỌC ĐÀ NẴNG,Đà Nẵng,http://www.udn.vn
C,"Vietnam National University, Ho Chi Minh City",Đại học,Công lập,https://vnuhcm.edu.vn/,ĐẠI HỌC QUỐC GIA TP. HỒ CHÍ MINH,TP. Hồ Chí Minh,
Bộ Y tế,YDS,Trường đại học,Công lập,University of Medicine and Pharmacy at Ho Chi Minh City,ĐẠI HỌC Y DƯỢC TP. HỒ CHÍ MINH,TP. Hồ Chí Minh,https://ump.edu.vn/
Bộ Giáo dục và Đào tạo,D,Đại học,Công lập,Hue University,ĐẠI HỌC HUẾ,Thừa Thiên Huế,https://hueuni.edu.vn/
Bộ Giáo dục và Đào tạo,B,Đại học,Công lập,Thai Nguyen University,ĐẠI HỌC THÁI NGUYÊN,Thái Nguyên,http://www.tnu.edu.vn/
A,"Vietnam National University, Hanoi",Đại học,Công lập,https://www.vnu.edu.vn/,ĐẠI HỌC QUỐC GIA HÀ NỘI,Hà Nội,
"Bộ Văn hóa, Thể thao và Du lịch",NVH,Học viện,Công lập,Viet Nam National Academy of Music,HỌC VIỆN ÂM NHẠC QUỐC GIA VIỆT NAM,Hà Nội,https://www.vnam.edu.vn/
Học viện Chính trị Quốc gia Hồ Chí Minh,HCC,Học viện,Công lập,Academy of Politics - Public Administration Region I,HỌC VIỆN CHÍNH TRỊ KHU VỰC I,Hà Nội,https://hcma1.hcma.vn
Ban Chấp hành Trung ương Đảng cộng sản Việt Nam,HVH,Học viện,Công lập,Ho Chi Minh National Academy of Politics,HỌC VIỆN CHÍNH TRỊ QUỐC GIA HỒ CHÍ MINH,Hà Nội,https://hcma.vn
Học viện Chính trị Quốc gia Hồ Chí Minh,HBT,Học viện,Công lập,Academy of Journalism and Communication,HỌC VIỆN BÁO CHÍ VÀ TUYÊN TRUYỀN,Hà Nội,https://ajc.hcma.vn/
UBND TP. Hồ Chí Minh,HVC,Học viện,Công lập,Ho Chi Minh Cadre Academy,HỌC VIỆN CÁN BỘ THÀNH PHỐ HỒ CHÍ MINH,TP. Hồ Chí Minh,http://www.hocviencanbo.hochiminhcity.gov.vn/
Bộ Kế hoạch và Đầu tư,HCP,Học viện,Công lập,Academy of Policy and Development,HỌC VIỆN CHÍNH SÁCH VÀ PHÁT TRIỂN,Hà Nội,http://apd.edu.vn/
Ủy ban Dân tộc,HVD,Học viện,Công lập,Vietnam Academy for Ethnic Minorities,HỌC VIỆN DÂN TỘC,Hà Nội,https://hvdt.edu.vn/
Bộ Thông tin và Truyền thông,BVH,Học viện,Công lập,Posts and Telecommunications Institute of Technology,HỌC VIỆN CÔNG NGHỆ BƯU CHÍNH VIỄN THÔNG,Hà Nội,https://portal.ptit.edu.vn/
Nước ngoài,FUV,Trường đại học,Nước ngoài,Fulbright University Vietnam,TRƯỜNG ĐẠI HỌC FULBRIGHT VIỆT NAM,TP. Hồ Chí Minh,https://fulbright.edu.vn/
Bộ Giáo dục và Đào tạo,DCG,Trường đại học,Tư thục,Gia Dinh University,TRƯỜNG ĐẠI HỌC GIA ĐỊNH,TP. Hồ Chí Minh,https://giadinh.edu.vn/
Bộ Giáo dục và Đào tạo,GHA,Trường đại học,Công lập,University of Transport and Communications,TRƯỜNG ĐẠI HỌC GIAO THÔNG VẬN TẢI,Hà Nội,https://www.utc.edu.vn/
Bộ Giáo dục và Đào tạo,NHF,Trường đại học,Công lập,Hanoi University,TRƯỜNG ĐẠI HỌC HÀ NỘI,Hà Nội,https://www.hanu.vn/
Bộ Giao thông vận tải,GTS,Trường đại học,Công lập,Ho Chi Minh City University of Transport,TRƯỜNG ĐẠI HỌC GIAO THÔNG VẬN TẢI TP. HỒ CHÍ MINH,TP. Hồ Chí Minh,https://ut.edu.vn/
UBND tỉnh Hà Tĩnh,HHT,Trường đại học,Công lập,Ha Tinh University,TRƯỜNG ĐẠI HỌC HÀ TĨNH,Hà Tĩnh,http://www.htu.edu.vn/
Bộ Giao thông vận tải,HHA,Trường đại học,Công lập,Vietnam Maritime University,TRƯỜNG ĐẠI HỌC HÀNG HẢI VIỆT NAM,Hải Phòng,http://www.vimaru.edu.vn/
UBND tỉnh Ninh Bình,DNB,Trường đại học,Công lập,Hoa Lu University,TRƯỜNG ĐẠI HỌC HOA LƯ,Ninh Bình,http://hluv.edu.vn/
UBND tỉnh Hải Dương,DKT,Trường đại học,Công lập,University of Hai Duong,TRƯỜNG ĐẠI HỌC HẢI DƯƠNG,Hải Dương,http://uhd.edu.vn/
UBND TP. Hải Phòng,THP,Trường đại học,Công lập,Hai Phong University,TRƯỜNG ĐẠI HỌC HẢI PHÒNG,Hải Phòng,https://dhhp.edu.vn/
Bộ Giáo dục và Đào tạo,ETU,Trường đại học,Tư thục,Peace University,TRƯỜNG ĐẠI HỌC HOÀ BÌNH,Hà Nội,http://daihochoabinh.edu.vn/
UBND tỉnh Hải Dương,C21,Trường cao đẳng đào tạo ngành Giáo dục mầm non,Công lập,HaiDuong College,Trường Cao đẳng Hải Dương,Hải Dương,https://caodanghaiduong.edu.vn/
Bộ Giáo dục và Đào tạo,HSU,Trường đại học,Tư thục,Hoa Sen University,TRƯỜNG ĐẠI HỌC HOA SEN,TP. Hồ Chí Minh,https://www.hoasen.edu.vn/
UBND tỉnh Sơn La,C14,Trường cao đẳng đào tạo ngành Giáo dục mầm non,Công lập,Son La Colleege,Trường Cao đẳng Sơn La,Sơn La,http://www.cdsonla.edu.vn/
Bộ Giáo dục và Đào tạo,DHP,Trường cao đẳng đào tạo ngành Giáo dục mầm non,Tư thục,University of Management and Technology Hai Phong,Trường Cao đẳng Đại Việt Sài Gòn,TP. Hồ Chí Minh,https://daivietsaigon.edu.vn/
UBND tỉnh Bắc Giang,C18,Trường cao đẳng đào tạo ngành Giáo dục mầm non,Công lập,Ngo Gia Tu College Bacgiang,Trường Cao đẳng Ngô Gia Tự Bắc Giang,Bắc Giang,https://cdngogiatubacgiang.edu.vn/
UBND tỉnh Đắk Lắk,C40,Trường cao đẳng sư phạm,Công lập,Dak Lak College of Pedagogy,TRƯỜNG CAO ĐẲNG SƯ PHẠM ĐẮK LẮK,Đắk Lắk,http://www.dlc.edu.vn/
UBND tỉnh Lâm Đồng,C42,Trường cao đẳng sư phạm,Công lập,Da Lat College of Education,TRƯỜNG CAO ĐẲNG SƯ PHẠM ĐÀ LẠT,Lâm Đồng,http://cdspdalat.edu.vn/
UBND tỉnh Bắc Ninh,C19,Trường cao đẳng sư phạm,Công lập,Bac Ninh Teacher Training College,TRƯỜNG CAO ĐẲNG SƯ PHẠM BẮC NINH,Bắc Ninh,http://cdspbacninh.edu.vn/
UBND tỉnh Bà Rịa - Vũng tàu,C52,Trường cao đẳng sư phạm,Công lập,Ba Ria - Vung Tau Teacher Training College,TRƯỜNG CAO ĐẲNG SƯ PHẠM BÀ RỊA-VŨNG TÀU,Bà Rịa - Vũng Tàu,http://www.cdspbrvt.edu.vn/
UBND tỉnh Cao Bằng,C06,Trường cao đẳng sư phạm,Công lập,Cao Bang College of Education,TRƯỜNG CAO ĐẲNG SƯ PHẠM CAO BẰNG,Cao Bằng,https://www.caodangsuphamcaobang.edu.vn/
UBND TP. Hà Nội,C20,Trường cao đẳng sư phạm,Công lập,Ha Tay Teacher Training College,TRƯỜNG CAO ĐẲNG SƯ PHẠM HÀ TÂY,Hà Nội,http://www.cdsphthn.edu.vn/
UBND tỉnh Hà Giang,C05,Trường cao đẳng sư phạm,Công lập,Ha Giang Teacher Training College,TRƯỜNG CAO ĐẲNG SƯ PHẠM HÀ GIANG,Hà Giang,https://cdsphagiang.edu.vn/
UBND tỉnh Điện Biên,C62,Trường cao đẳng sư phạm,Công lập,Dien Bien Teachers’ Training College,TRƯỜNG CAO ĐẲNG SƯ PHẠM ĐIỆN BIÊN,Điện Biên,http://cdspdienbien.edu.vn/
UBND tỉnh Gia Lai,C38,Trường cao đẳng sư phạm,Công lập,Gia Lai Junior College of Education,TRƯỜNG CAO ĐẲNG SƯ PHẠM GIA LAI,Gia Lai,http://cdspgialai.edu.vn/
UBND tỉnh Hoà Bình,C23,Trường cao đẳng sư phạm,Công lập,Hoa Binh Teacher Training College,TRƯỜNG CAO ĐẲNG SƯ PHẠM HOÀ BÌNH,Hoà Bình,https://cdsphoabinh.edu.vn/
QHS,VNU University of Education,Trường đại học,Công lập,http://education.vnu.edu.vn/,TRƯỜNG ĐẠI HỌC GIÁO DỤC - ĐẠI HỌC QUỐC GIA HÀ NỘI,VNU-HCM CEA,Hà Nội
Bộ Giáo dục và Đào tạo,DHH,Trường đại học,Tư thục,Ha Hoa Tien University,TRƯỜNG ĐẠI HỌC HÀ HOA TIÊN,Hà Nam,
UBND tỉnh Quảng Ninh,HLU,Trường đại học,Công lập,Ha Long University,TRƯỜNG ĐẠI HỌC HẠ LONG,Quảng Ninh,https://uhl.edu.vn/
Bộ Giáo dục và Đào tạo,DPD,Trường đại học,Dân lập,Phuong Dong University,TRƯỜNG ĐẠI HỌC DÂN LẬP PHƯƠNG ĐÔNG,Hà Nội,http://phuongdong.edu.vn/
UBND tỉnh Kiên Giang,C54,Trường cao đẳng sư phạm,Công lập,Kien Giang Teacher Training College,TRƯỜNG CAO ĐẲNG SƯ PHẠM KIÊN GIANG,Kiên Giang,https://www.cdspkg.edu.vn/
Tập đoàn Dầu khí Quốc gia Việt Nam,PVU,Trường đại học,Công lập,PetroVietnam University,TRƯỜNG ĐẠI HỌC DẦU KHÍ VIỆT NAM,Bà Rịa - Vũng Tàu,https://www.pvu.edu.vn/
Bộ Giáo dục và Đào tạo,DCL,Trường đại học,Tư thục,Cuu Long University,TRƯỜNG ĐẠI HỌC CỬU LONG,Vĩnh Long,http://mku.edu.vn/
Bộ Giáo dục và Đào tạo,DDT,Trường đại học,Tư thục,Duy Tan University,TRƯỜNG ĐẠI HỌC DUY TÂN,Đà Nẵng,https://duytan.edu.vn/
Bộ Y tế,DKH,Trường đại học,Công lập,Hanoi University of Pharmacy,TRƯỜNG ĐẠI HỌC DƯỢC HÀ NỘI,Hà Nội,http://hup.edu.vn/
Bộ Giáo dục và Đào tạo,TDL,Trường đại học,Công lập,Da Lat University,TRƯỜNG ĐẠI HỌC ĐÀ LẠT,Lâm Đồng,https://dlu.edu.vn/
UBND tỉnh Đồng Nai,DNU,Trường đại học,Công lập,Dong Nai University,TRƯỜNG ĐẠI HỌC ĐỒNG NAI,Đồng Nai,http://www.dnpu.edu.vn/
Bộ Công Thương,DDL,Trường đại học,Công lập,Electric Power University,TRƯỜNG ĐẠI HỌC ĐIỆN LỰC,Hà Nội,https://www.epu.edu.vn/
Bộ Y tế,YDD,Trường đại học,Công lập,Nam Dinh University of Nursing,TRƯỜNG ĐẠI HỌC ĐIỀU DƯỠNG NAM ĐỊNH,Nam Định,https://ndun.edu.vn/
Bộ Giáo dục và Đào tạo,DDD,Trường đại học,Tư thục,Dong Do University,TRƯỜNG ĐẠI HỌC ĐÔNG ĐÔ,Hà Nội,http://www.hdiu.edu.vn/
Bộ Giáo dục và Đào tạo,DDN,Trường đại học,Tư thục,Dai Nam University,TRƯỜNG ĐẠI HỌC ĐẠI NAM,Hà Nội,http://www.dainam.edu.vn/
Bộ Giáo dục và Đào tạo,SPD,Trường đại học,Công lập,Dong Thap University,TRƯỜNG ĐẠI HỌC ĐỒNG THÁP,Đồng Tháp,https://www.dthu.edu.vn/
Bộ Giáo dục và Đào tạo,DAD,Trường đại học,Tư thục,Dong A University,TRƯỜNG ĐẠI HỌC ĐÔNG Á,Đà Nẵng,https://donga.edu.vn/
Viện Hàn lâm Khoa học Xã hội Việt Nam,HXH,Học viện,Công lập,Graduate Academy of Social Sciences,HỌC VIỆN KHOA HỌC XÃ HỘI,Hà Nội,https://gass.edu.vn/
Bộ Giáo dục và Đào tạo,FPT,Trường đại học,Tư thục,FPT University,TRƯỜNG ĐẠI HỌC FPT,Hà Nội,https://daihoc.fpt.edu.vn/
Bộ Giao thông vận tải,HHK,Học viện,Công lập,Viet Nam Aviation Academy,HỌC VIỆN HÀNG KHÔNG VIỆT NAM,TP. Hồ Chí Minh,https://vaa.edu.vn/
"Bộ Văn hóa, Thể thao và Du lịch",CMH,Học viện,Công lập,Viet Nam Academy of Dance,HỌC VIỆN MÚA VIỆT NAM,Hà Nội,https://www.vnad.edu.vn/
Viện Hàn lâm Khoa học và Công nghệ Việt Nam,HKC,Học viện,Công lập,Vietnam Academy of Science and Technology,HỌC VIỆN KHOA HỌC VÀ CÔNG NGHỆ,Hà Nội,http://gust.edu.vn/
Bộ Khoa học và Công nghệ,V24,Học viện,Công lập,Vietnam Institute of Science Technology and Innovation,"HỌC VIỆN KHOA HỌC, CÔNG NGHỆ VÀ ĐỔI MỚI SÁNG TẠO",Hà Nội,http://visti.gov.vn/
Bộ Nội Vụ,HCH,Học viện,Công lập,National Academy of Public Administration,HỌC VIỆN HÀNH CHÍNH QUỐC GIA,Hà Nội,https://www1.napa.vn/
Toà án nhân dân tối cao,HTA,Học viện,Công lập,Vietnam Court Academy,HỌC VIỆN TOÀ ÁN,Hà Nội,http://hvta.toaan.gov.vn/
Bộ Nông nghiệp và Phát triển nông thôn,HVN,Học viện,Công lập,Vietnam National University of Agriculture,HỌC VIỆN NÔNG NGHIỆP VIỆT NAM,Hà Nội,https://vnua.edu.vn/
Bộ Tài chính,HTC,Học viện,Công lập,Academy of Finance,HỌC VIỆN TÀI CHÍNH,Hà Nội,https://hvtc.edu.vn/
Ngân hàng Nhà nước Việt Nam,NHH,Học viện,Công lập,Banking Academy of Vietnam,HỌC VIỆN NGÂN HÀNG,Hà Nội,https://www.hvnh.edu.vn/
Trung ương Hội Liên hiệp Phụ nữ Việt Nam,HPN,Học viện,Công lập,Vietnam Women's Academy,HỌC VIỆN PHỤ NỮ VIỆT NAM,Hà Nội,http://hvpnvn.edu.vn/
Bộ Ngoại giao,HQT,Học viện,Công lập,Diplomatic Academy of Viet Nam,HỌC VIỆN NGOẠI GIAO,Hà Nội,https://dav.edu.vn
Bộ Giáo dục và Đào tạo,HVQ,Học viện,Công lập,National Institute of Education Management,HỌC VIỆN QUẢN LÝ GIÁO DỤC,Hà Nội,http://naem.edu.vn/
UBND tỉnh Bắc Kạn,C11,Trường cao đẳng đào tạo ngành Giáo dục mầm non,Công lập,Bac Kan College,Trường Cao đẳng Bắc Kạn,Bắc Kạn,http://cdbk.edu.vn/
UBND tỉnh Bình Định,C37,Trường cao đẳng đào tạo ngành Giáo dục mầm non,Công lập,BinhDinh College,Trường Cao đẳng Bình Định,Bình Định,http://www.cdbd.edu.vn/
Bộ Y tế,HYD,Học viện,Công lập,Viet Nam University Of Traditional Medicine & Pharmacy,HỌC VIỆN Y DƯỢC HỌC CỔ TRUYỀN VIỆT NAM,Hà Nội,http://vutm.edu.vn/
UBND tỉnh Bến Tre,C56,Trường cao đẳng đào tạo ngành Giáo dục mầm non,Công lập,BenTre College,Trường Cao đẳng Bến Tre,Bến Tre,http://www.cdbt.edu.vn/
Trung ương Đoàn Thanh niên Cộng sản Hồ Chí Minh,HTN,Học viện,Công lập,Vietnam Youth Academy,HỌC VIỆN THANH THIẾU NIÊN VIỆT NAM,Hà Nội,http://vya.edu.vn/
"Bộ Văn hóa, Thể thao và Du lịch",NVS,Học viện,Công lập,Ho Chi Minh City Conservatory of Music,NHẠC VIỆN TP. HỒ CHÍ MINH,TP. Hồ Chí Minh,http://hcmcons.vn/
UBND tỉnh Bình Phước,C43,Trường cao đẳng đào tạo ngành Giáo dục mầm non,Công lập,BinhPhuoc College,Trường Cao đẳng Bình Phước,Bình Phước,https://cdbp.edu.vn/
Bộ Giáo dục và Đào tạo,DCA,Trường đại học,Tư thục,Chu Van An University,TRƯỜNG ĐẠI HỌC CHU VĂN AN,Hưng Yên,https://cvauni.edu.vn/
UBND tỉnh Bình Thuận,C47,Trường cao đẳng đào tạo ngành Giáo dục mầm non,Công lập,Binh Thuan Community College,Trường Cao đẳng Cộng đồng Bình Thuận,Bình Thuận,https://btu.edu.vn/
UBND TP. Hà Nội,CHN,Trường cao đẳng đào tạo ngành Giáo dục mầm non,Công lập,Hanoi Community College,Trường Cao đẳng Cộng đồng Hà Nội,Hà Nội,https://chn.edu.vn/
UBND tỉnh Hậu Giang,D64,Trường cao đẳng đào tạo ngành Giáo dục mầm non,Công lập,Hau Giang Community College,Trường Cao đẳng Cộng đồng Hậu Giang,Hậu Giang,https://www.hgcc.edu.vn/
UBND tỉnh Cà Mau,D61,Trường cao đẳng đào tạo ngành Giáo dục mầm non,Công lập,Ca Mau Community College,Trường Cao đẳng Cộng đồng Cà Mau,Cà Mau,https://caodangcongdong.camau.gov.vn/
UBND tỉnh Kon Tum,C36,Trường cao đẳng đào tạo ngành Giáo dục mầm non,Công lập,KonTum Community College,Trường Cao đẳng Cộng đồng Kon Tum,Kon Tum,https://ktcc.edu.vn/
UBND tỉnh Hưng Yên,C22,Trường cao đẳng đào tạo ngành Giáo dục mầm non,Công lập,Hung Yen Community College,Trường Cao đẳng Cộng đồng Hưng Yên,Hưng Yên,https://www.hycc.edu.vn/
UBND tỉnh Cần Thơ,C55,Trường cao đẳng đào tạo ngành Giáo dục mầm non,Công lập,Can Tho College,Trường Cao đẳng Cần Thơ,Cần Thơ,http://cdct.edu.vn
UBND tỉnh Lai Châu,CLC,Trường cao đẳng đào tạo ngành Giáo dục mầm non,Công lập,Laichau Community College,Trường Cao đẳng Cộng đồng Lai Châu,TP. Hồ Chí Minh,http://cdcdlaichau.edu.vn/
UBND tỉnh Lạng Sơn,C10,Trường cao đẳng sư phạm,Công lập,Lang Son College of Education,TRƯỜNG CAO ĐẲNG SƯ PHẠM LẠNG SƠN,Lạng Sơn,http://lce.edu.vn/
UBND tỉnh Sóc Trăng,CST,Trường cao đẳng đào tạo ngành Giáo dục mầm non,Công lập,SocTrang Community College,Trường Cao đẳng Cộng đồng Sóc Trăng,TP. Hồ Chí Minh,http://www.stcc.edu.vn/
UBND tỉnh Vĩnh Long,D57,Trường cao đẳng đào tạo ngành Giáo dục mầm non,Công lập,Vinh Long Community College,Trường Cao đẳng Cộng đồng Vĩnh Long,Vĩnh Long,https://www.vlcc.edu.vn/
UBND tỉnh Nam Định,C25,Trường cao đẳng sư phạm,Công lập,Nam Dinh College of Education,TRƯỜNG CAO ĐẲNG SƯ PHẠM NAM ĐỊNH,Nam Định,http://www.cdspnd.edu.vn/
UBND tỉnh Nghệ An,C29,Trường cao đẳng sư phạm,Công lập,Nghe An Teacher Training College,TRƯỜNG CAO ĐẲNG SƯ PHẠM NGHỆ AN,Nghệ An,http://www.cdspna.edu.vn/
Bộ Giáo dục và Đào tạo,CM2,Trường cao đẳng sư phạm,Công lập,Nha Trang - National College of Pedagogy,TRƯỜNG CAO ĐẲNG SƯ PHẠM TRUNG ƯƠNG NHA TRANG,Khánh Hoà,http://sptwnt.edu.vn/
Bộ Giáo dục và Đào tạo,CM1,Trường cao đẳng sư phạm,Công lập,National College of Education,TRƯỜNG CAO ĐẲNG SƯ PHẠM TRUNG ƯƠNG,Hà Nội,http://cdsptw.edu.vn/
UBND tỉnh Thừa Thiên Huế,C33,Trường cao đẳng sư phạm,Công lập,Thua Thien Hue College of Education,TRƯỜNG CAO ĐẲNG SƯ PHẠM THỪA THIÊN HUẾ,Thừa Thiên Huế,https://cdsphue.edu.vn/
UBND tỉnh Thái Bình,C26,Trường cao đẳng sư phạm,Công lập,Thai Binh College of Education,TRƯỜNG CAO ĐẲNG SƯ PHẠM THÁI BÌNH,Thái Bình,http://www.cdsptb.edu.vn/
Bộ Giáo dục và Đào tạo,CM3,Trường cao đẳng sư phạm,Công lập,"National College of Education, Ho Chi Minh City",TRƯỜNG CAO ĐẲNG SƯ PHẠM TRUNG ƯƠNG TP.HỒ CHÍ MINH,TP. Hồ Chí Minh,http://www.cdsptw-tphcm.vn/
UBND tỉnh Vĩnh Long,C57,Trường cao đẳng đào tạo ngành Giáo dục mầm non,Công lập,Vinh Long College,Trường Cao đẳng Vĩnh Long,Vĩnh Long,http://cdvl.edu.vn/
TAG,VNUHCM - An Giang University,Trường đại học,Công lập,https://www.agu.edu.vn/,TRƯỜNG ĐẠI HỌC AN GIANG - ĐẠI HỌC QUỐC GIA TP. HỒ CHÍ MINH,VNU-HCM CEA,An Giang
UBND tỉnh Yên Bái,C13,Trường cao đẳng sư phạm,Công lập,Yen Bai College of Education,TRƯỜNG CAO ĐẲNG SƯ PHẠM YÊN BÁI,Yên Bái,https://suphamyenbai.edu.vn/
UBND tỉnh Thanh Hoá,HDT,Trường đại học,Công lập,Hong Duc University,TRƯỜNG ĐẠI HỌC HỒNG ĐỨC,Thanh Hóa,http://www.hdu.edu.vn/
UBND tỉnh Vĩnh Phúc,C16,Trường cao đẳng đào tạo ngành Giáo dục mầm non,Công lập,Vinh Phuc College,Trường Cao đẳng Vĩnh Phúc,Vĩnh Phúc,http://caodangvinhphuc.edu.vn/
UBND tỉnh Phú Thọ,THV,Trường đại học,Công lập,Hung Vuong University,TRƯỜNG ĐẠI HỌC HÙNG VƯƠNG,Phú Thọ,https://www.hvu.edu.vn/
Bộ Giáo dục và Đào tạo,DHV,Trường đại học,Tư thục,Hung Vuong University Ho Chi Minh City,TRƯỜNG ĐẠI HỌC HÙNG VƯƠNG - TP. HỒ CHÍ MINH,TP. Hồ Chí Minh,https://hvuh.edu.vn/
Bộ Giáo dục và Đào tạo,KTD,Trường đại học,Tư thục,Danang Architecture University,TRƯỜNG ĐẠI HỌC KIẾN TRÚC ĐÀ NẴNG,Đà Nẵng,https://dau.edu.vn/
Viện Kiểm sát nhân dân tối cao,DKS,Trường đại học,Công lập,Hanoi Procuratorate University,TRƯỜNG ĐẠI HỌC KIỂM SÁT HÀ NỘI,Hà Nội,https://tks.edu.vn/
Bộ Xây dựng,KTA,Trường đại học,Công lập,Hanoi Achitectural University,TRƯỜNG ĐẠI HỌC KIẾN TRÚC HÀ NỘI,Hà Nội,http://hau.edu.vn/
UBND tỉnh Tây Ninh,C46,Trường cao đẳng sư phạm,Công lập,Tay Ninh College of Education,TRƯỜNG CAO ĐẲNG SƯ PHẠM TÂY NINH,Tây Ninh,http://cdsptayninh.edu.vn/
Bộ Giáo dục và Đào tạo,DQK,Trường đại học,Tư thục,Hanoi University of Business and Technology,TRƯỜNG ĐẠI HỌC KINH DOANH VÀ CÔNG NGHỆ HÀ NỘI,Hà Nội,http://hubt.edu.vn/
Bộ Giáo dục và Đào tạo,TKG,Trường đại học,Công lập,Kien Giang University,TRƯỜNG ĐẠI HỌC KIÊN GIANG,Kiên Giang,https://www.vnkgu.edu.vn/
UBND tỉnh Quảng Trị,C32,Trường cao đẳng sư phạm,Công lập,Quang Tri Teacher Training College,TRƯỜNG CAO ĐẲNG SƯ PHẠM QUẢNG TRỊ,Quảng Trị,http://www.qtttc.edu.vn/
UBND tỉnh Long An,C49,Trường cao đẳng sư phạm,Công lập,Long An Teacher Training College,TRƯỜNG CAO ĐẲNG SƯ PHẠM LONG AN,Long An,http://caodangsuphamlongan.edu.vn/
Bộ Xây dựng,KTS,Trường đại học,Công lập,University of Architecture Ho Chi Minh City,TRƯỜNG ĐẠI HỌC KIẾN TRÚC TP. HỒ CHÍ MINH,TP. Hồ Chí Minh,http://www.uah.edu.vn/
Bộ Giáo dục và Đào tạo,UKB,Trường đại học,Tư thục,Kinh Bac University,TRƯỜNG ĐẠI HỌC KINH BẮC,Bắc Ninh,http://ukb.edu.vn/
Bộ Giáo dục và Đào tạo,DVB,Trường đại học,Tư thục,Viet Bac University,TRƯỜNG ĐẠI HỌC KINH TẾ - CÔNG NGHỆ THÁI NGUYÊN (VIỆT BẮC),Thái Nguyên,http://vietbac.edu.vn/
Bộ Giáo dục và Đào tạo,BVU,Trường đại học,Tư thục,Ba Ria - Vung Tau University,TRƯỜNG ĐẠI HỌC BÀ RỊA - VŨNG TÀU,Bà Rịa - Vũng Tàu,https://bvu.edu.vn/
QHE,VNU University of Economics and Business,Trường đại học,Công lập,http://ueb.edu.vn/,TRƯỜNG ĐẠI HỌC KINH TẾ - ĐẠI HỌC QUỐC GIA HÀ NỘI,VNU-HCM CEA,Hà Nội
Nước ngoài,BUV,Trường đại học,Nước ngoài,British University Viet Nam,TRƯỜNG ĐẠI HỌC ANH QUỐC - VIỆT NAM,Hà Nội,https://www.buv.edu.vn/
Bộ Giáo dục và Đào tạo,UEF,Trường đại học,Tư thục,Universtiy of Economics and Finance,TRƯỜNG ĐẠI HỌC KINH TẾ - TÀI CHÍNH TP. HỒ CHÍ MINH,TP. Hồ Chí Minh,https://www.uef.edu.vn/
UBND tỉnh Bạc Liêu,DBL,Trường đại học,Công lập,Bac Lieu University,TRƯỜNG ĐẠI HỌC BẠC LIÊU,Bạc Liêu,https://blu.edu.vn/
QSK,VNUHCM - University of Economics and Law,Trường đại học,Công lập,https://www.uel.edu.vn/,TRƯỜNG ĐẠI HỌC KINH TẾ - LUẬT - ĐẠI HỌC QUỐC GIA TP. HỒ CHÍ MINH,VNU-CEA,TP. Hồ Chí Minh
Tổng Liên đoàn Lao động Việt Nam,LDA,Trường đại học,Công lập,Trade Union University,TRƯỜNG ĐẠI HỌC CÔNG ĐOÀN,Hà Nội,http://www.dhcd.edu.vn/
Bộ Giáo dục và Đào tạo,TCT,Trường đại học,Công lập,Can Tho University,TRƯỜNG ĐẠI HỌC CẦN THƠ,Cần Thơ,https://www.ctu.edu.vn/
Bộ Giáo dục và Đào tạo,BKA,Trường đại học,Công lập,Hanoi University of Science and Technology,TRƯỜNG ĐẠI HỌC BÁCH KHOA HÀ NỘI,Hà Nội,https://www.hust.edu.vn/
Bộ Giáo dục và Đào tạo,DDK,Trường đại học,Công lập,University of Science and Technology - The University of Da Nang,"TRƯỜNG ĐẠI HỌC BÁCH KHOA, ĐẠI HỌC ĐÀ NẴNG",Đà Nẵng,http://dut.udn.vn/
Bộ Giáo dục và Đào tạo,DBD,Trường đại học,Tư thục,Binh Duong University,TRƯỜNG ĐẠI HỌC BÌNH DƯƠNG,Bình Dương,https://www.bdu.edu.vn/
Bộ Giáo dục và Đào tạo,MCA,Trường đại học,Tư thục,Asia University of Art & Design,TRƯỜNG ĐẠI HỌC CMC (MỸ THUẬT CÔNG NGHIỆP Á CHÂU),Hà Nội,http://mythuatcongnghiepachau.edu.vn/
Bộ Giáo dục và Đào tạo,DDA,Trường đại học,Tư thục,East Asia University of Technology,TRƯỜNG ĐẠI HỌC CÔNG NGHỆ ĐÔNG Á,Bắc Ninh,https://eaut.edu.vn/
Bộ Giáo dục và Đào tạo,DSG,Trường đại học,Dân lập,Saigon Technology University,TRƯỜNG ĐẠI HỌC CÔNG NGHỆ SÀI GÒN,TP. Hồ Chí Minh,https://www.stu.edu.vn/
Bộ Giáo dục và Đào tạo,DCD,Trường đại học,Tư thục,Dong Nai University of Technology,TRƯỜNG ĐẠI HỌC CÔNG NGHỆ ĐỒNG NAI,Đồng Nai,https://dntu.edu.vn/
Bộ Giáo dục và Đào tạo,DMD,Trường đại học,Tư thục,Mien Dong University of Technology,TRƯỜNG ĐẠI HỌC CÔNG NGHỆ MIỀN ĐÔNG,Đồng Nai,https://www.mut.edu.vn/
QHI,VNU University of Engineering and Technology,Trường đại học,Công lập,https://uet.vnu.edu.vn/,TRƯỜNG ĐẠI HỌC CÔNG NGHỆ - ĐẠI HỌC QUỐC GIA HÀ NỘI,VNU-HCM CEA,Hà Nội
Bộ Giao thông vận tải,GTA,Trường đại học,Công lập,University of Transport Technology,TRƯỜNG ĐẠI HỌC CÔNG NGHỆ GIAO THÔNG VẬN TẢI,Hà Nội,https://utt.edu.vn/
Bộ Giáo dục và Đào tạo,DTC,Trường đại học,Công lập,University of Information and Communication Technology - Thai Nguyen University,"TRƯỜNG ĐẠI HỌC CÔNG NGHỆ THÔNG TIN VÀ TRUYỀN THÔNG, ĐẠI HỌC THÁI NGUYÊN",Thái Nguyên,https://ictu.edu.vn/
QSC,VNUHCM - University of Information Technology,Trường đại học,Công lập,https://www.uit.edu.vn/,TRƯỜNG ĐẠI HỌC CÔNG NGHỆ THÔNG TIN - ĐẠI HỌC QUỐC GIA TP. HỒ CHÍ MINH,VNU-CEA,TP. Hồ Chí Minh
Bộ Giáo dục và Đào tạo,DVX,Trường đại học,Tư thục,Van Xuan University of Technology,TRƯỜNG ĐẠI HỌC CÔNG NGHỆ VẠN XUÂN,Nghệ An,https://www.vxut.edu.vn/
Bộ Giáo dục và Đào tạo,DKC,Trường đại học,Tư thục,Ho Chi Minh City University of Technology,TRƯỜNG ĐẠI HỌC CÔNG NGHỆ TP. HỒ CHÍ MINH,TP. Hồ Chí Minh,https://www.hutech.edu.vn/
Bộ Giáo dục và Đào tạo,VKU,Trường đại học,Công lập,Vietnam - Korea University of Information and Communication Technology - The University of Da Nang,"TRƯỜNG ĐẠI HỌC CÔNG NGHỆ THÔNG TIN VÀ TRUYỀN THÔNG VIỆT HÀN, ĐẠI HỌC ĐÀ NẴNG",Đà Nẵng,http://vku.udn.vn/
Bộ Giáo dục và Đào tạo,DCQ,Trường đại học,Tư thục,University of Technology and Management,TRƯỜNG ĐẠI HỌC CÔNG NGHỆ VÀ QUẢN LÝ HỮU NGHỊ,Hà Nội,https://utm.edu.vn/
Bộ Giáo dục và Đào tạo,DKB,Trường đại học,Tư thục,Binh Duong Economics and Technology University,TRƯỜNG ĐẠI HỌC KINH TẾ - KỸ THUẬT BÌNH DƯƠNG,Bình Dương,https://ktkt.edu.vn/
QSB,VNUHCM - University of Technology,Trường đại học,Công lập,http://www.hcmut.edu.vn/,TRƯỜNG ĐẠI HỌC BÁCH KHOA - ĐẠI HỌC QUỐC GIA TP. HỒ CHÍ MINH,HCERES và AUN-QA,TP. Hồ Chí Minh
Bộ Công Thương,DCN,Trường đại học,Công lập,Hanoi University of Industry,TRƯỜNG ĐẠI HỌC CÔNG NGHIỆP HÀ NỘI,Hà Nội,http://www.haui.edu.vn/
Tập đoàn Dệt may Việt Nam,CCM,Trường đại học,Công lập,Hanoi Industrial Textile Garment University,TRƯỜNG ĐẠI HỌC CÔNG NGHIỆP DỆT MAY HÀ NỘI,Hà Nội,http://hict.edu.vn/
Bộ Công Thương,DDM,Trường đại học,Công lập,Quang Ninh University of Industry,TRƯỜNG ĐẠI HỌC CÔNG NGHIỆP QUẢNG NINH,Quảng Ninh,https://qui.edu.vn/
Bộ Công Thương,HUI,Trường đại học,Công lập,Industrial University of Ho Chi Minh City,TRƯỜNG ĐẠI HỌC CÔNG NGHIỆP TP. HỒ CHÍ MINH,TP. Hồ Chí Minh,http://iuh.edu.vn/
Bộ Công Thương,VHD,Trường đại học,Công lập,Viet Nam - Hungary Industrial University,TRƯỜNG ĐẠI HỌC CÔNG NGHIỆP VIỆT - HUNG,Hà Nội,http://viu.edu.vn/
Bộ Công Thương,DCT,Trường đại học,Công lập,Ho Chi Minh City University of Food Industry,TRƯỜNG ĐẠI HỌC CÔNG NGHIỆP THỰC PHẨM TP. HỒ CHÍ MINH,TP. Hồ Chí Minh,https://hufi.edu.vn/
Bộ Giáo dục và Đào tạo,DCV,Trường đại học,Tư thục,Industrial University of Vinh,TRƯỜNG ĐẠI HỌC CÔNG NGHIỆP VINH,Nghệ An,http://www.iuv.edu.vn/
Bộ Công Thương,VUI,Trường đại học,Công lập,Viet Tri University of Industry,TRƯỜNG ĐẠI HỌC CÔNG NGHIỆP VIỆT TRÌ,Phú Thọ,http://www.vui.edu.vn/
Bộ Giáo dục và Đào tạo,KHA,Trường đại học,Công lập,National Economic University,TRƯỜNG ĐẠI HỌC KINH TẾ QUỐC DÂN,Hà Nội,https://www.neu.edu.vn/
Bộ Giáo dục và Đào tạo,KSA,Trường đại học,Công lập,University of Economics Ho Chi Minh City,TRƯỜNG ĐẠI HỌC KINH TẾ TP. HỒ CHÍ MINH,TP. Hồ Chí Minh,https://www.ueh.edu.vn/
UBND tỉnh Nghệ An,CEA,Trường đại học,Công lập,Nghe An College of Economics,TRƯỜNG ĐẠI HỌC KINH TẾ NGHỆ AN,Nghệ An,http://dhktna.edu.vn/
Bộ Giáo dục và Đào tạo,DTE,Trường đại học,Công lập,University of Economic and Business Administration - Thai Nguyen University,"TRƯỜNG ĐẠI HỌC KINH TẾ & QUẢN TRỊ KINH DOANH, ĐẠI HỌC THÁI NGUYÊN",Thái Nguyên,http://tueba.edu.vn/
Bộ Giáo dục và Đào tạo,DLA,Trường đại học,Tư thục,Long An University of Economics and Industry,TRƯỜNG ĐẠI HỌC KINH TẾ CÔNG NGHIỆP LONG AN,Long An,https://daihoclongan.edu.vn/
Bộ Công Thương,DKK,Trường đại học,Công lập,University of Economic and Technical Industries,TRƯỜNG ĐẠI HỌC KINH TẾ KỸ THUẬT CÔNG NGHIỆP,Nam Định,https://uneti.edu.vn/
QHT,VNU University of Science,Trường đại học,Công lập,http://hus.vnu.edu.vn/,TRƯỜNG ĐẠI HỌC KHOA HỌC TỰ NHIÊN - ĐẠI HỌC QUỐC GIA HÀ NỘI,VNU-CEA,Hà Nội
UBND TP. Cần Thơ,KCC,Trường đại học,Công lập,Can Tho University of Technology,TRƯỜNG ĐẠI HỌC KỸ THUẬT - CÔNG NGHỆ CẦN THƠ,Cần Thơ,https://ctuet.edu.vn/
Bộ Giáo dục và Đào tạo,DHK,Trường đại học,Công lập,"University of Economics, Hue University","TRƯỜNG ĐẠI HỌC KINH TẾ, ĐẠI HỌC HUẾ",Thừa Thiên Huế,https://hce.edu.vn
Bộ Y tế,DKY,Trường đại học,Công lập,Hai Duong Medical Technical University,TRƯỜNG ĐẠI HỌC KỸ THUẬT Y TẾ HẢI DƯƠNG,Hải Dương,http://www.hmtu.edu.vn/
UBND tỉnh Khánh Hòa,UKH,Trường đại học,Công lập,Khanh Hoa University,TRƯỜNG ĐẠI HỌC KHÁNH HOÀ,Khánh Hoà,http://ukh.edu.vn/
Bộ Y tế,YDN,Trường đại học,Công lập,Danang University of Medical Technology and Pharmacy,TRƯỜNG ĐẠI HỌC KỸ THUẬT Y - DƯỢC ĐÀ NẴNG,Đà Nẵng,http://dhktyduocdn.edu.vn/
Bộ Giáo dục và Đào tạo,DTK,Trường đại học,Công lập,University of Technology - Thai Nguyen University,"TRƯỜNG ĐẠI HỌC KỸ THUẬT CÔNG NGHIỆP, ĐẠI HỌC THÁI NGUYÊN",Thái Nguyên,http://www.tnut.edu.vn/
QST,VNUHCM - University of Science,Trường đại học,Công lập,https://www.hcmus.edu.vn/,TRƯỜNG ĐẠI HỌC KHOA HỌC TỰ NHIÊN - ĐẠI HỌC QUỐC GIA TP. HỒ CHÍ MINH,VNU-CEA,TP. Hồ Chí Minh
Bộ Giáo dục và Đào tạo,DLH,Trường đại học,Tư thục,Lac Hong University,TRƯỜNG ĐẠI HỌC LẠC HỒNG,Đồng Nai,https://lhu.edu.vn/
QSX,VNUHCM - University of Social Sciences and Humanities,Trường đại học,Công lập,https://hcmussh.edu.vn/,TRƯỜNG ĐẠI HỌC KHOA HỌC XÃ HỘI VÀ NHÂN VĂN - ĐẠI HỌC QUỐC GIA TP. HỒ CHÍ MINH,VNU-CEA,TP. Hồ Chí Minh
Bộ Giáo dục và Đào tạo,DHT,Trường đại học,Công lập,"University of Sciences, Hue University","TRƯỜNG ĐẠI HỌC KHOA HỌC, ĐẠI HỌC HUẾ",Thừa Thiên Huế,http://husc.hueuni.edu.vn/
Bộ Nông nghiệp và Phát triển nông thôn,LNH,Trường đại học,Công lập,Vietnam National University of Forestry,TRƯỜNG ĐẠI HỌC LÂM NGHIỆP,Hà Nội,https://vnuf.edu.vn/
QHX,VNU University of Social Sciences and Humanities,Trường đại học,Công lập,https://ussh.vnu.edu.vn/,TRƯỜNG ĐẠI HỌC KHOA HỌC XÃ HỘI VÀ NHÂN VĂN - ĐẠI HỌC QUỐC GIA HÀ NỘI,VNU-HCM CEA,Hà Nội
Bộ Tư pháp,LPH,Trường đại học,Công lập,Hanoi Law University,TRƯỜNG ĐẠI HỌC LUẬT HÀ NỘI,Hà Nội,https://hlu.edu.vn/
Bộ Giáo dục và Đào tạo,DTV,Trường đại học,Tư thục,Luong The Vinh University,TRƯỜNG ĐẠI HỌC LƯƠNG THẾ VINH,Nam Định,http://ltvu.edu.vn/
QHL,VNU University of Law,Trường đại học,Công lập,https://law.vnu.edu.vn/,TRƯỜNG ĐẠI HỌC LUẬT - ĐẠI HỌC QUỐC GIA HÀ NỘI,Hà Nội,
Bộ Giáo dục và Đào tạo,LPS,Trường đại học,Công lập,University of Law Ho Chi Minh City,TRƯỜNG ĐẠI HỌC LUẬT TP. HỒ CHÍ MINH,TP. Hồ Chí Minh,https://www.hcmulaw.edu.vn/
Bộ Giáo dục và Đào tạo,DHA,Trường đại học,Công lập,"Univeristy of Law, Hue University","TRƯỜNG ĐẠI HỌC LUẬT, ĐẠI HỌC HUẾ",Thừa Thiên Huế,https://www.hul.edu.vn/
Bộ Giáo dục và Đào tạo,MDA,Trường đại học,Công lập,Hanoi University of Mining and Geology,TRƯỜNG ĐẠI HỌC MỎ - ĐỊA CHẤT,Hà Nội,https://humg.edu.vn/
Nước ngoài,AUV,Trường đại học,Nước ngoài,The American University of Vietnam,TRƯỜNG ĐẠI HỌC MỸ TẠI VIỆT NAM,Đà Nẵng,http://auv.edu.vn/
Bộ Giáo dục và Đào tạo,MBS,Trường đại học,Công lập,Ho Chi Minh City Open University,TRƯỜNG ĐẠI HỌC MỞ TP. HỒ CHÍ MINH,TP. Hồ Chí Minh,http://www.oude.edu.vn/
Bộ Giáo dục và Đào tạo,MHN,Trường đại học,Công lập,Hanoi Open University,TRƯỜNG ĐẠI HỌC MỞ HÀ NỘI,Hà Nội,https://hou.edu.vn/
Bộ Giáo dục và Đào tạo,MTC,Trường đại học,Công lập,University of Industrial Fine Arts,TRƯỜNG ĐẠI HỌC MỸ THUẬT CÔNG NGHIỆP,Hà Nội,http://mythuatcongnghiep.edu.vn/
"Bộ Văn hóa, Thể thao và Du lịch",MTS,Trường đại học,Công lập,Ho Chi Minh city University of Fine Arts,TRƯỜNG ĐẠI HỌC MỸ THUẬT TP. HỒ CHÍ MINH,TP. Hồ Chí Minh,http://www.hcmufa.edu.vn/
"Bộ Văn hóa, Thể thao và Du lịch",MTH,Trường đại học,Công lập,Vietnam University of Fine Arts,TRƯỜNG ĐẠI HỌC MỸ THUẬT VIỆT NAM,Hà Nội,https://mythuatvietnam.edu.vn/
Bộ Giáo dục và Đào tạo,DNC,Trường đại học,Tư thục,Nam Can Tho University,TRƯỜNG ĐẠI HỌC NAM CẦN THƠ,Cần Thơ,https://nctu.edu.vn/
Bộ Nội Vụ,DNV,Trường đại học,Công lập,Hanoi University of Home Affairs,TRƯỜNG ĐẠI HỌC NỘI VỤ HÀ NỘI,Hà Nội,http://huha.edu.vn
Bộ Nông nghiệp và Phát triển nông thôn,DBG,Trường đại học,Công lập,Bac Giang Argriculture and Forestry  University,TRƯỜNG ĐẠI HỌC NÔNG LÂM BẮC GIANG,Bắc Giang,http://bafu.edu.vn/
Bộ Giáo dục và Đào tạo,NLS,Trường đại học,Công lập,University of Agriculture and Forestry Ho Chi Minh City,TRƯỜNG ĐẠI HỌC NÔNG LÂM TP. HỒ CHÍ MINH,TP. Hồ Chí Minh,https://www.hcmuaf.edu.vn/
Bộ Giáo dục và Đào tạo,DTN,Trường đại học,Công lập,University of Agriculture and Forestry - Thai Nguyen University,"TRƯỜNG ĐẠI HỌC NÔNG LÂM, ĐẠI HỌC THÁI NGUYÊN",Thái Nguyên,https://tuaf.edu.vn/
Ngân hàng Nhà nước Việt Nam,NHS,Trường đại học,Công lập,The Banking University of Ho Chi Minh City,TRƯỜNG ĐẠI HỌC NGÂN HÀNG TP. HỒ CHÍ MINH,TP. Hồ Chí Minh,https://buh.edu.vn/
Bộ Giáo dục và Đào tạo,DHL,Trường đại học,Công lập,"University of Agriculture and Forestry, Hue University","TRƯỜNG ĐẠI HỌC NÔNG LÂM, ĐẠI HỌC HUẾ",Thừa Thiên Huế,https://huaf.edu.vn/
Viện Hàn lâm Khoa học và Công nghệ Việt Nam,KCN,Trường đại học,Công lập,University of Science and Technology of Hanoi,TRƯỜNG ĐẠI HỌC KHOA HỌC VÀ CÔNG NGHỆ HÀ NỘI,Hà Nội,https://usth.edu.vn/
Bộ Giáo dục và Đào tạo,DHN,Trường đại học,Công lập,"University of Arts, Hue University","TRƯỜNG ĐẠI HỌC NGHỆ THUẬT, ĐẠI HỌC HUẾ",Thừa Thiên Huế,http://hufa.hueuni.edu.vn/
Bộ Giáo dục và Đào tạo,DTZ,Trường đại học,Công lập,University of Sciences - Thai Nguyen University,"TRƯỜNG ĐẠI HỌC KHOA HỌC, ĐẠI HỌC THÁI NGUYÊN",Thái Nguyên,https://tnus.edu.vn/
QHF,VNU University of Languages and International Studies,Trường đại học,Công lập,https://ulis.vnu.edu.vn/,TRƯỜNG ĐẠI HỌC NGOẠI NGỮ - ĐẠI HỌC QUỐC GIA HÀ NỘI,VNU-HCM CEA,Hà Nội
Bộ Giáo dục và Đào tạo,DHF,Trường đại học,Công lập,University of Foreign Languages Hue University,"TRƯỜNG ĐẠI HỌC NGOẠI NGỮ, ĐẠI HỌC HUẾ",Thừa Thiên Huế,https://hucfl.edu.vn/vi/
Bộ Giáo dục và Đào tạo,NTT,Trường đại học,Tư thục,Nguyen Tat Thanh University,TRƯỜNG ĐẠI HỌC NGUYỄN TẤT THÀNH,TP. Hồ Chí Minh,https://ntt.edu.vn/
Bộ Giáo dục và Đào tạo,NTU,Trường đại học,Tư thục,Nguyen Trai University,TRƯỜNG ĐẠI HỌC NGUYỄN TRÃI,Hà Nội,http://daihocnguyentrai.edu.vn/
Bộ Giáo dục và Đào tạo,DNT,Trường đại học,Tư thục,Ho Chi Minh City University of Foreign Languages and Information Technology,TRƯỜNG ĐẠI HỌC NGOẠI NGỮ - TIN HỌC TP. HỒ CHÍ MINH,TP. Hồ Chí Minh,https://huflit.edu.vn/
UBND tỉnh Quảng Ngãi,DPQ,Trường đại học,Công lập,Pham Van Dong University,TRƯỜNG ĐẠI HỌC PHẠM VĂN ĐỒNG,Quảng Ngãi,http://pdu.edu.vn/
Bộ Giáo dục và Đào tạo,DPC,Trường đại học,Tư thục,Phan Chau Trinh Universtiy,TRƯỜNG ĐẠI HỌC PHAN CHÂU TRINH,Quảng Nam,http://pctu.edu.vn/
Bộ Giáo dục và Đào tạo,DPX,Trường đại học,Tư thục,Phu Xuan University,TRƯỜNG ĐẠI HỌC PHÚ XUÂN,Thừa Thiên Huế,http://pctu.edu.vn/
Bộ Giáo dục và Đào tạo,DPT,Trường đại học,Tư thục,University of Phan Thiet,TRƯỜNG ĐẠI HỌC PHAN THIẾT,Bình Thuận,http://upt.edu.vn/
Bộ Giáo dục và Đào tạo,DTA,Trường đại học,Tư thục,Phenikaa University,TRƯỜNG ĐẠI HỌC PHENIKAA,Hà Nội,https://phenikaa-uni.edu.vn/
Bộ Giáo dục và Đào tạo,DHP,Trường đại học,Tư thục,University of Management and Technology Hai Phong,TRƯỜNG ĐẠI HỌC QUẢN LÝ VÀ CÔNG NGHỆ HẢI PHÒNG,Hải Phòng,https://hpu.edu.vn/
Bộ Giáo dục và Đào tạo,UMT,Trường đại học,Tư thục,University of Management and Technology Ho Chi Minh City,TRƯỜNG ĐẠI HỌC QUẢN LÝ VÀ CÔNG NGHỆ TP. HỒ CHÍ MINH,TP. Hồ Chí Minh,https://www.umt.edu.vn/
UBND tỉnh Phú Yên,DPY,Trường đại học,Công lập,Phu Yen University,TRƯỜNG ĐẠI HỌC PHÚ YÊN,Phú Yên,https://pyu.edu.vn/
UBND tỉnh Quảng Nam,DQU,Trường đại học,Công lập,Quang Nam University,TRƯỜNG ĐẠI HỌC QUẢNG NAM,Quảng Nam,http://qnamuni.edu.vn/
Bộ Lao động - Thương binh và Xã hội,DLX,Trường đại học,Công lập,University of Labour and Social Affairs,TRƯỜNG ĐẠI HỌC LAO ĐỘNG - XÃ HỘI,Hà Nội,http://ulsa.edu.vn/
UBND tỉnh Quảng Bình,DQB,Trường đại học,Công lập,Quang Binh University,TRƯỜNG ĐẠI HỌC QUẢNG BÌNH,Quảng Bình,https://quangbinhuni.edu.vn/
Bộ Giáo dục và Đào tạo,DBH,Trường đại học,Tư thục,Bac Ha International University,TRƯỜNG ĐẠI HỌC QUỐC TẾ BẮC HÀ,Bắc Ninh,http://iubh.edu.vn/
QSQ,VNUHCM - International University,Trường đại học,Công lập,https://hcmiu.edu.vn/,TRƯỜNG ĐẠI HỌC QUỐC TẾ - ĐẠI HỌC QUỐC GIA TP. HỒ CHÍ MINH,AUN-QA,TP. Hồ Chí Minh
Bộ Giáo dục và Đào tạo,EIU,Trường đại học,Tư thục,Eastern International University,TRƯỜNG ĐẠI HỌC QUỐC TẾ MIỀN ĐÔNG,Bình Dương,https://eiu.edu.vn/
Nước ngoài,RMU,Trường đại học,Nước ngoài,The Royal Melbourne Institute of Technology University in Vietnam,TRƯỜNG ĐẠI HỌC QUỐC TẾ RMIT VIỆT NAM,TP. Hồ Chí Minh,https://www.rmit.edu.vn/
Bộ Giáo dục và Đào tạo,HIU,Trường đại học,Tư thục,Hong Bang University International,TRƯỜNG ĐẠI HỌC QUỐC TẾ HỒNG BÀNG,TP. Hồ Chí Minh,https://hiu.vn/
Bộ Giáo dục và Đào tạo,TSN,Trường đại học,Công lập,Nha Trang University,TRƯỜNG ĐẠI HỌC NHA TRANG,Khánh Hoà,http://www.ntu.edu.vn/
Bộ Giáo dục và Đào tạo,NTH,Trường đại học,Công lập,Foreign Trade University,TRƯỜNG ĐẠI HỌC NGOẠI THƯƠNG,Hà Nội,http://www.ftu.edu.vn/
UBND TP. Hồ Chí Minh,SGD,Trường đại học,Công lập,Sai Gon University,TRƯỜNG ĐẠI HỌC SÀI GÒN,TP. Hồ Chí Minh,https://sgu.edu.vn/
"Bộ Văn hóa, Thể thao và Du lịch",DSD,Trường đại học,Công lập,HCMC University of Theatre and Cinema,"TRƯỜNG ĐẠI HỌC SÂN KHẤU, ĐIỆN ẢNH TP. HỒ CHÍ MINH",TP. Hồ Chí Minh,http://skdahcm.edu.vn/
Bộ Giáo dục và Đào tạo,DQN,Trường đại học,Công lập,Quy Nhon University,TRƯỜNG ĐẠI HỌC QUY NHƠN,Bình Định,http://www.qnu.edu.vn/
Bộ Công Thương,SDU,Trường đại học,Công lập,SaoDo University,TRƯỜNG ĐẠI HỌC SAO ĐỎ,Hải Dương,http://saodo.edu.vn/
Bộ Giáo dục và Đào tạo,SPH,Trường đại học,Công lập,Hanoi National University of Education,TRƯỜNG ĐẠI HỌC SƯ PHẠM HÀ NỘI,Hà Nội,https://hnue.edu.vn/
"Bộ Văn hóa, Thể thao và Du lịch",SKD,Trường đại học,Công lập,Hanoi Academy of Theatre and Cinema,TRƯỜNG ĐẠI HỌC SÂN KHẤU ĐIỆN ẢNH HÀ NỘI,Hà Nội,http://skda.edu.vn/
Bộ Lao động - Thương binh và Xã hội,SKN,Trường đại học,Công lập,Nam Dinh University of Technology Education,TRƯỜNG ĐẠI HỌC SƯ PHẠM KỸ THUẬT NAM ĐỊNH,Nam Định,http://nute.edu.vn/
Bộ Giáo dục và Đào tạo,SPK,Trường đại học,Công lập,HCMC University of Technology and Education,TRƯỜNG ĐẠI HỌC SƯ PHẠM KỸ THUẬT TP. HỒ CHÍ MINH,TP. Hồ Chí Minh,http://hcmute.edu.vn/
Bộ Giáo dục và Đào tạo,SKH,Trường đại học,Công lập,Hung Yen University of Technology and Education,TRƯỜNG ĐẠI HỌC SƯ PHẠM KỸ THUẬT HƯNG YÊN,Hưng Yên,http://utehy.edu.vn/
Bộ Lao động - Thương binh và Xã hội,SKV,Trường đại học,Công lập,Vinh University of Technology Education,TRƯỜNG ĐẠI HỌC SƯ PHẠM KỸ THUẬT VINH,Nghệ An,http://spktvinh.edu.vn/
Bộ Giáo dục và Đào tạo,SP2,Trường đại học,Công lập,Hanoi Pedagogical University 2,TRƯỜNG ĐẠI HỌC SƯ PHẠM HÀ NỘI 2,Vĩnh Phúc,https://www.hpu2.edu.vn/
Bộ Lao động - Thương binh và Xã hội,VLU,Trường đại học,Công lập,Vinh Long University of Technology Education,TRƯỜNG ĐẠI HỌC SƯ PHẠM KỸ THUẬT VĨNH LONG,Vĩnh Long,http://vlute.edu.vn/
Bộ Giáo dục và Đào tạo,GNT,Trường đại học,Công lập,National University of Arts Education - NUAE,TRƯỜNG ĐẠI HỌC SƯ PHẠM NGHỆ THUẬT TRUNG ƯƠNG,Hà Nội,http://www.spnttw.edu.vn/
Bộ Giáo dục và Đào tạo,STS,Trường đại học,Công lập,Ho Chi Minh City University of Physical Education and Sports,TRƯỜNG ĐẠI HỌC SƯ PHẠM THỂ DỤC THỂ THAO TP. HỒ CHÍ MINH,TP. Hồ Chí Minh,https://upes.edu.vn/
Bộ Tài chính,DKQ,Trường đại học,Công lập,University of Finance – Accounting,TRƯỜNG ĐẠI HỌC TÀI CHÍNH - KẾ TOÁN,Quảng Ngãi,http://tckt.edu.vn/
Bộ Giáo dục và Đào tạo,DTS,Trường đại học,Công lập,University of Education - Thai Nguyen University,"TRƯỜNG ĐẠI HỌC SƯ PHẠM, ĐẠI HỌC THÁI NGUYÊN",Thái Nguyên,http://tnue.edu.vn/
Bộ Giáo dục và Đào tạo,DDS,Trường đại học,Công lập,University of Science and Education - The University of Da Nang,"TRƯỜNG ĐẠI HỌC SƯ PHẠM, ĐẠI HỌC ĐÀ NẴNG",Đà Nẵng,https://ued.udn.vn/
Bộ Giáo dục và Đào tạo,DHS,Trường đại học,Công lập,"University of Education, Hue University","TRƯỜNG ĐẠI HỌC SƯ PHẠM, ĐẠI HỌC HUẾ",Thừa Thiên Huế,http://www.dhsphue.edu.vn/
Bộ Giáo dục và Đào tạo,SPS,Trường đại học,Công lập,Ho Chi Minh City University of Education,TRƯỜNG ĐẠI HỌC SƯ PHẠM TP. HỒ CHÍ MINH,TP. Hồ Chí Minh,https://hcmue.edu.vn/
Bộ Giáo dục và Đào tạo,DQT,Trường đại học,Tư thục,Quang Trung University,TRƯỜNG ĐẠI HỌC QUANG TRUNG,Bình Định,https://qtu.edu.vn
Bộ Tài nguyên và Môi trường,DMT,Trường đại học,Công lập,Hanoi University of Natural Resource and Environment,TRƯỜNG ĐẠI HỌC TÀI NGUYÊN VÀ MÔI TRƯỜNG HÀ NỘI,Hà Nội,https://www.hunre.edu.vn/
Bộ Giáo dục và Đào tạo,FBU,Trường đại học,Tư thục,Hanoi Financial and Banking University,TRƯỜNG ĐẠI HỌC TÀI CHÍNH - NGÂN HÀNG HÀ NỘI,Hà Nội,https://fbu.edu.vn/
Bộ Tài chính,DMS,Trường đại học,Công lập,University of Finance – Marketing,TRƯỜNG ĐẠI HỌC TÀI CHÍNH - MARKETING,TP. Hồ Chí Minh,https://ufm.edu.vn/
Bộ Tài nguyên và Môi trường,DTM,Trường đại học,Công lập,Ho Chi Minh City University for Natural Resources and Environment,TRƯỜNG ĐẠI HỌC TÀI NGUYÊN VÀ MÔI TRƯỜNG TP. HỒ CHÍ MINH,TP. Hồ Chí Minh,http://www.hcmunre.edu.vn/
Bộ Giáo dục và Đào tạo,TTU,Trường đại học,Tư thục,Tan Tao University,TRƯỜNG ĐẠI HỌC TÂN TẠO,Long An,https://ttu.edu.vn/
Bộ Tài chính,DFA,Trường đại học,Công lập,The University of Finance and Business Administration,TRƯỜNG ĐẠI HỌC TÀI CHÍNH - QUẢN TRỊ KINH DOANH,Hưng Yên,http://tcqtkd.edu.vn/
Bộ Giáo dục và Đào tạo,DTD,Trường đại học,Tư thục,Tay Do University,TRƯỜNG ĐẠI HỌC TÂY ĐÔ,Cần Thơ,https://tdu.edu.vn/
Bộ Giáo dục và Đào tạo,TTB,Trường đại học,Công lập,Tay Bac Universty,TRƯỜNG ĐẠI HỌC TÂY BẮC,Sơn La,https://utb.edu.vn/
Bộ Giáo dục và Đào tạo,TTQ,Trường đại học,Tư thục,The SaiGon International Univeristy,TRƯỜNG ĐẠI HỌC TƯ THỤC QUỐC TẾ SÀI GÒN,TP. Hồ Chí Minh,https://www.siu.edu.vn/
Bộ Giáo dục và Đào tạo,TTN,Trường đại học,Công lập,Tay Nguyen University,TRƯỜNG ĐẠI HỌC TÂY NGUYÊN,Đắk Lắk,https://www.ttn.edu.vn/
UBND tỉnh Tiền Giang,TTG,Trường đại học,Công lập,Tien Giang University,TRƯỜNG ĐẠI HỌC TIỀN GIANG,Tiền Giang,http://www.tgu.edu.vn/
Tổng Liên đoàn Lao động Việt Nam,DTT,Trường đại học,Công lập,Ton Duc Thang University,TRƯỜNG ĐẠI HỌC TÔN ĐỨC THẮNG,TP. Hồ Chí Minh,https://www.tdtu.edu.vn/
UBND tỉnh Tuyên Quang,TQU,Trường đại học,Công lập,Tan Trao University,TRƯỜNG ĐẠI HỌC TÂN TRÀO,Tuyên Quang,https://daihoctantrao.edu.vn/
UBND tỉnh Thái Bình,DTB,Trường đại học,Công lập,Thai Binh University,TRƯỜNG ĐẠI HỌC THÁI BÌNH,Thái Bình,http://tbu.edu.vn/
"Bộ Văn hóa, Thể thao và Du lịch",TTD,Trường đại học,Công lập,Da Nang University of Physical Education and Sports,TRƯỜNG ĐẠI HỌC THỂ DỤC THỂ THAO ĐÀ NẴNG,Đà Nẵng,https://upes3.edu.vn/
Bộ Giáo dục và Đào tạo,TDD,Trường đại học,Tư thục,Thanh Do University,TRƯỜNG ĐẠI HỌC THÀNH ĐÔ,Hà Nội,https://www.thanhdo.edu.vn/
Bộ Giáo dục và Đào tạo,TBD,Trường đại học,Tư thục,Pacific Ocean University,TRƯỜNG ĐẠI HỌC THÁI BÌNH DƯƠNG,Khánh Hoà,https://tbd.edu.vn/
"Bộ Văn hóa, Thể thao và Du lịch",TDB,Trường đại học,Công lập,Bac Ninh Sport University of Viet Nam,TRƯỜNG ĐẠI HỌC THỂ DỤC THỂ THAO BẮC NINH,Bắc Ninh,http://upes1.edu.vn/
Bộ Giáo dục và Đào tạo,TDH,Trường đại học,Công lập,Hanoi University of Physical Education and Sports,TRƯỜNG ĐẠI HỌC SƯ PHẠM THỂ DỤC THỂ THAO HÀ NỘI,Hà Nội,https://hupes.edu.vn/
"Bộ Văn hóa, Thể thao và Du lịch",TDS,Trường đại học,Công lập,Ho Chi Minh City University of Physical Education and Sports,TRƯỜNG ĐẠI HỌC THỂ DỤC THỂ THAO TP. HỒ CHÍ MINH,TP. Hồ Chí Minh,http://ush.edu.vn/
UBND tỉnh Bình Dương,TDM,Trường đại học,Công lập,Thu Dau Mot University,TRƯỜNG ĐẠI HỌC THỦ DẦU MỘT,Bình Dương,https://tdmu.edu.vn/
UBND TP. Hà Nội,HNM,Trường đại học,Công lập,Hanoi Metropolitan Univerisity,TRƯỜNG ĐẠI HỌC THỦ ĐÔ HÀ NỘI,Hà Nội,https://hnmu.edu.vn/
Bộ Giáo dục và Đào tạo,TMA,Trường đại học,Công lập,Thuongmai University,TRƯỜNG ĐẠI HỌC THƯƠNG MẠI,Hà Nội,https://tmu.edu.vn/
Bộ Nông nghiệp và Phát triển nông thôn,TLA,Trường đại học,Công lập,Water Resources University,TRƯỜNG ĐẠI HỌC THUỶ LỢI,Hà Nội,http://www.tlu.edu.vn/
Bộ Giáo dục và Đào tạo,DVH,Trường đại học,Tư thục,Van Hien University,TRƯỜNG ĐẠI HỌC VĂN HIẾN,TP. Hồ Chí Minh,https://vhu.edu.vn/
UBND tỉnh Trà Vinh,DVT,Trường đại học,Công lập,Tra Vinh University,TRƯỜNG ĐẠI HỌC TRÀ VINH,Trà Vinh,https://www.tvu.edu.vn/
"Bộ Văn hóa, Thể thao và Du lịch",VHS,Trường đại học,Công lập,Ho Chi Minh City University of Culture,TRƯỜNG ĐẠI HỌC VĂN HOÁ TP. HỒ CHÍ MINH,TP. Hồ Chí Minh,https://www.hcmuc.edu.vn/
UBND tỉnh Thanh Hoá,DVD,Trường đại học,Công lập,"Thanh Hoa University of Culture, Sports and Tourism","TRƯỜNG ĐẠI HỌC VĂN HOÁ, THỂ THAO VÀ DU LỊCH THANH HOÁ",Thanh Hóa,http://www.dvtdt.edu.vn/
"Bộ Văn hóa, Thể thao và Du lịch",VHH,Trường đại học,Công lập,Hanoi University of Culture,TRƯỜNG ĐẠI HỌC VĂN HOÁ HÀ NỘI,Hà Nội,https://huc.edu.vn/
Bộ Giáo dục và Đào tạo,DVP,Trường đại học,Tư thục,Trung Vuong University,TRƯỜNG ĐẠI HỌC TRƯNG VƯƠNG,Vĩnh Phúc,http://dhtv.edu.vn/
VJU,VNU Vietnam - Japan University,Trường đại học,Công lập,http://vju.ac.vn/,TRƯỜNG ĐẠI HỌC VIỆT NHẬT - ĐẠI HỌC QUỐC GIA HÀ NỘI,Hà Nội,
Bộ Giáo dục và Đào tạo,TDV,Trường đại học,Công lập,Vinh University,TRƯỜNG ĐẠI HỌC VINH,Nghệ An,http://vinhuni.edu.vn/
Bộ Giáo dục và Đào tạo,DVL,Trường đại học,Tư thục,Van Lang University,TRƯỜNG ĐẠI HỌC VĂN LANG,TP. Hồ Chí Minh,https://www.vanlanguni.edu.vn/
Bộ Giáo dục và Đào tạo,VGU,Trường đại học,Công lập,Vietnamese - German University,TRƯỜNG ĐẠI HỌC VIỆT ĐỨC,Bình Dương,https://vgu.edu.vn/vi/home
Bộ Giáo dục và Đào tạo,VIN,Trường đại học,Tư thục,VinUniversity,TRƯỜNG ĐẠI HỌC VINUNI,Hà Nội,https://vinuni.edu.vn/
Bộ Giáo dục và Đào tạo,VTT,Trường đại học,Tư thục,Vo Truong Toan University,TRƯỜNG ĐẠI HỌC VÕ TRƯỜNG TOẢN,Hậu Giang,http://www.vttu.edu.vn/
Bộ Xây dựng,XDT,Trường đại học,Công lập,MienTrung University of Civil Engineering,TRƯỜNG ĐẠI HỌC XÂY DỰNG MIỀN TRUNG,Phú Yên,http://muce.edu.vn/
Bộ Giáo dục và Đào tạo,BMU,Trường đại học,Tư thục,Buon Ma Thuot University,TRƯỜNG ĐẠI HỌC Y DƯỢC BUÔN MA THUỘT (BUÔN MA THUỘT),Đắk Lắk,https://bmtu.edu.vn/
QHY,VNU University of Medicine and Pharmacy,Trường đại học,Công lập,http://ump.vnu.edu.vn/,TRƯỜNG ĐẠI HỌC Y DƯỢC - ĐẠI HỌC QUỐC GIA HÀ NỘI,Hà Nội,
Bộ Giáo dục và Đào tạo,XDA,Trường đại học,Công lập,Hanoi University of Civil Engineering,TRƯỜNG ĐẠI HỌC XÂY DỰNG HÀ NỘI,Hà Nội,https://www.nuce.edu.vn/
Bộ Xây dựng,MTU,Trường đại học,Công lập,Mien Tay Construction University,TRƯỜNG ĐẠI HỌC XÂY DỰNG MIỀN TÂY,Vĩnh Long,http://www.mtu.edu.vn/
Bộ Y tế,YCT,Trường đại học,Công lập,Can Tho University of Medicine - Pharmacy,TRƯỜNG ĐẠI HỌC Y DƯỢC CẦN THƠ,Cần Thơ,http://www.ctump.edu.vn/
Bộ Giáo dục và Đào tạo,DDB,Trường đại học,Tư thục,Thanh Dong University,TRƯỜNG ĐẠI HỌC THÀNH ĐÔNG,Hải Dương,https://thanhdong.edu.vn/
Bộ Giáo dục và Đào tạo,DTL,Trường đại học,Tư thục,Thang Long University,TRƯỜNG ĐẠI HỌC THĂNG LONG,Hà Nội,https://thanglong.edu.vn/
Bộ Y tế,YTB,Trường đại học,Công lập,Thai Binh Medical University,TRƯỜNG ĐẠI HỌC Y DƯỢC THÁI BÌNH,Thái Bình,http://tbump.edu.vn/
Bộ Y tế,YHB,Trường đại học,Công lập,Hanoi Medical University,TRƯỜNG ĐẠI HỌC Y HÀ NỘI,Hà Nội,https://hmu.edu.vn/
Bộ Giáo dục và Đào tạo,DHY,Trường đại học,Công lập,"University of Medicine and Pharmacy, Hue University","TRƯỜNG ĐẠI HỌC Y DƯỢC, ĐẠI HỌC HUẾ",Thừa Thiên Huế,https://huemed-univ.edu.vn/
Bộ Y tế,YPB,Trường đại học,Công lập,Hai Phong Medical University,TRƯỜNG ĐẠI HỌC Y DƯỢC HẢI PHÒNG,Hải Phòng,http://hpmu.edu.vn/hpmu/
UBND TP. Hồ Chí Minh,TYS,Trường đại học,Công lập,Pham Ngoc Thach University of Medicine,TRƯỜNG ĐẠI HỌC Y KHOA PHẠM NGỌC THẠCH,TP. Hồ Chí Minh,https://www.pnt.edu.vn/
Bộ Giáo dục và Đào tạo,DTY,Trường đại học,Công lập,University of Medicine and Pharmacy - Thai Nguyen University,"TRƯỜNG ĐẠI HỌC Y DƯỢC, ĐẠI HỌC THÁI NGUYÊN",Thái Nguyên,http://tump.edu.vn/
Nước ngoài,THU,Trường đại học,Nước ngoài,Tokyo Human Health Sciences University Vietnam,TRƯỜNG ĐẠI HỌC Y KHOA TOKYO VIỆT NAM,Hưng Yên,https://tokyo-human.edu.vn/
UBND tỉnh Nghệ An,YKV,Trường đại học,Công lập,Vinh Medical University,TRƯỜNG ĐẠI HỌC Y KHOA VINH,Nghệ An,http://www.vmu.edu.vn/
Bộ Giáo dục và Đào tạo,DYD,Trường đại học,Tư thục,Yersin University,TRƯỜNG ĐẠI HỌC YERSIN ĐÀ LẠT,Lâm Đồng,https://yersin.edu.vn/
Bộ Giáo dục và Đào tạo,DDQ,Trường đại học,Công lập,University of Economics - The University of Da Nang,"TRƯỜNG ĐẠI HỌC KINH TẾ, ĐẠI HỌC ĐÀ NẴNG",Đà Nẵng,https://due.udn.vn
Bộ Y tế,YTC,Trường đại học,Công lập,Hanoi University of Public Health,TRƯỜNG ĐẠI HỌC Y TẾ CÔNG CỘNG,Hà Nội,https://huph.edu.vn/
Bộ Giáo dục và Đào tạo,DDF,Trường đại học,Công lập,University of Foreign Language Studies - The University of Da Nang,"TRƯỜNG ĐẠI HỌC NGOẠI NGỮ, ĐẠI HỌC ĐÀ NẴNG",Đà Nẵng,http://ufl.udn.vn/
Bộ Giáo dục và Đào tạo,DDC,Trường đại học,Công lập,University of Technology and Education - The University of Da Nang,"TRƯỜNG ĐẠI HỌC SƯ PHẠM KỸ THUẬT, ĐẠI HỌC ĐÀ NẴNG",Đà Nẵng,https://ute.udn.vn/
Bộ Công Thương,V08,Viện nghiên cứu,Công lập,Food Industry Research Institute,Viện Công nghiệp thực phẩm,Hà Nội,https://firi.vn/
Bộ Nông nghiệp và Phát triển nông thôn,VCD,Viện nghiên cứu,Công lập,Vietnam Institute Of Agricultural Engineering And Post-Harvest Technology,Viện Cơ điện Nông nghiệp và Công nghệ sau thu hoạch,Hà Nội,http://www.viaep.org.vn/
Bộ Nông nghiệp và Phát triển nông thôn,VCN,Viện nghiên cứu,Công lập,National Institute of Animal Sciences,Viện Chăn nuôi,Hà Nội,http://vcn.mard.gov.vn/
Tập đoàn Dầu khí Quốc gia Việt Nam,VDK,Viện nghiên cứu,Công lập,Vietnam Petroleum Institute - VPI,Viện Dầu khí Việt Nam,Hà Nội,http://www.vpi.pvn.vn/
Bộ Kế hoạch và Đầu tư,V19,Viện nghiên cứu,Công lập,Vietnam Institute for Development Strategies,Viện Chiến lược phát triển,Hà Nội,http://vids.mpi.gov.vn/
Bộ Y tế,V66,Viện nghiên cứu,Công lập,National Institute of Nutrition,Viện Dinh dưỡng,Hà Nội,http://viendinhduong.vn/
Bộ Y tế,V22,Viện nghiên cứu,Công lập,National Institute of Medical Materials,Viện Dược liệu,Hà Nội,http://vienduoclieu.org.vn/
Bộ Công Thương,V11,Viện nghiên cứu,Công lập,Vietnam Institute of Industry Chemistry,Viện Hoá học công nghiệp,Hà Nội,http://viic.vn/
Bộ Y tế,NQC,Viện nghiên cứu,Công lập,National Institute of Drug Quality Control,Viện Kiểm nghiệm thuốc Trung ương,Hà Nội,https://nidqc.gov.vn/
Bộ Xây dựng,V12,Viện nghiên cứu,Công lập,Vietnam Institute of Architecture,Viện Kiến trúc Quốc gia,Hà Nội,http://vienkientrucquocgia.gov.vn/
Bộ Xây dựng,V14,Viện nghiên cứu,Công lập,Vietnam Institute for Building Science and Technology,Viện Khoa học công nghệ xây dựng,Hà Nội,http://www.ibst.vn/
Bộ Giáo dục và Đào tạo,V46,Viện nghiên cứu,Công lập,The Vietnam National Institute of Education Sciences,Viện Khoa học Giáo dục Việt nam,Hà Nội,http://www.vnies.edu.vn/
Bộ Tài nguyên và Môi trường,V47,Viện nghiên cứu,Công lập,Vietnam Institute of Geosciences and Mineral Resources,Viện Khoa học Địa chất và Khoáng sản,Hà Nội,https://vigmr.vn
Bộ Tài nguyên và Môi trường,V50,Viện nghiên cứu,Công lập,"Vietnam Institute of Meteorology, Hydrology and Climate Change",Viện Khoa học Khí tượng Thủy văn và Biến đổi khí hậu,Hà Nội,http://www.imh.ac.vn/
Bộ Tài nguyên và Môi trường,KBD,Viện nghiên cứu,Công lập,Vietnam Institute of Geodesy and Cartography,Viện Khoa học Đo đạc và Bản đồ,Hà Nội,http://www.vigac.vn/
Bộ Nông nghiệp và Phát triển nông thôn,VLN,Viện nghiên cứu,Công lập,Vietnamese Academy of Forest Sciences,Viện Khoa học Lâm nghiệp Việt Nam,Hà Nội,http://vafs.gov.vn/
"Bộ Văn hóa, Thể thao và Du lịch",VKT,Viện nghiên cứu,Công lập,Vietnam Sport Science Institute,Viện Khoa học Thể dục thể thao,Hà Nội,http://vkhtdtt.vn/
Bộ Nông nghiệp và Phát triển nông thôn,VTL,Viện nghiên cứu,Công lập,Vietnam Academy for Water Resources,Viện Khoa học Thuỷ lợi Việt Nam,Hà Nội,http://www.vawr.org.vn/
Bộ Công Thương,V02,Viện nghiên cứu,Công lập,"Vietnam Research Institute of Electronics, Informatics and Automation","Viện Nghiên cứu Điện tử, Tin học, Tự động hoá",Hà Nội,https://www.vielina.com/
Bộ Công Thương,V17,Viện nghiên cứu,Công lập,Viet Nam Institute of Industrial and Trade Policy and Strategy - VIOIT,"Viện Nghiên cứu Chiến lược, Chính sách Công Thương",Hà Nội,http://www.viennghiencuuthuongmai.com.vn/
Bộ Giao thông vận tải,V13,Viện nghiên cứu,Công lập,Institute of Transport Science and Technology,Viện Khoa học và Công nghệ Giao thông vận tải,Hà Nội,http://itst.gov.vn/
Bộ Công Thương,V49,Viện nghiên cứu,Công lập,National Research Institute Of Mechanical Engineering,Viện Nghiên cứu Cơ khí,Hà Nội,http://narime.gov.vn
Bộ Công Thương,V48,Viện nghiên cứu,Công lập,Industrial Machinery And Instruments Holding,Viện Máy và Dụng cụ công nghiệp,Hà Nội,http://imi-holding.com/
Bộ Khoa học và Công nghệ,V04,Viện nghiên cứu,Công lập,Vietnam Atomic Energy Institute,Viện Năng lượng nguyên tử Việt Nam,Hà Nội,http://www.vaec.gov.vn/
Bộ Nông nghiệp và Phát triển nông thôn,V62,Viện nghiên cứu,Công lập,Research Institute for Marine Fisheries,Viện Nghiên cứu hải sản,Hải Phòng,http://rimf.org.vn/
Bộ Y tế,VYL,Viện nghiên cứu,Công lập,National Institute of Occupational and Environmental Health,Viện Sức khoẻ nghề nghiệp và môi trường,Hà Nội,http://www.nioeh.org.vn/
Bộ Nông nghiệp và Phát triển nông thôn,VTY,Viện nghiên cứu,Công lập,National Institute of Veterinary Research,Viện Thú y,Hà Nội,http://vienthuy.gov.vn
Bộ Y tế,V25,Viện nghiên cứu,Công lập,National Instutte of Malariology Parasitology and Entomology,Viện Sốt rét - Ký sinh trùng - Côn trùng Trung ương,Hà Nội,http://nimpe.vn/
Bộ Nông nghiệp và Phát triển nông thôn,VTS,Viện nghiên cứu,Công lập,Research Institute for Aquaculture No1,Viện Nghiên cứu Nuôi trồng thuỷ sản I,Bắc Ninh,http://ria1.org
Viện Hàn lâm Khoa học và Công nghệ Việt Nam,V59,Viện nghiên cứu,Công lập,Institute of Mathematics,Viện Toán học,Hà Nội,http://math.ac.vn/
Bộ Kế hoạch và Đầu tư,V18,Viện nghiên cứu,Công lập,Central Institute for Economic Management (CIEM),Viện Nghiên cứu quản lý kinh tế Trung ương,Hà Nội,http://www.ciem.org.vn/
Bộ Khoa học và Công nghệ,VUD,Viện nghiên cứu,Công lập,National Center for Technology Progress,Viện Ứng dụng Công nghệ,Hà Nội,http://nacentech.vn/
"Bộ Văn hóa, Thể thao và Du lịch",V45,Viện nghiên cứu,Công lập,Vietnam National Institute of Culture and Arts Studies,Viện Văn hoá Nghệ thuật quốc gia Việt Nam,Hà Nội,www.vicas.org.vn
Bộ Y tế,V27,Viện nghiên cứu,Công lập,National Institute of Hygiene and Epidemiology,Viện Vệ sinh Dịch tễ Trung ương,Hà Nội,https://nihe.org.vn/
Bộ Nông nghiệp và Phát triển nông thôn,VKN,Viện nghiên cứu,Công lập,Vietnam Academy of Agriculture Sciences,Viện Khoa học Nông nghiệp Việt Nam,Hà Nội,https://vaas.vn/
Bộ Y tế,V26,Viện nghiên cứu,Công lập,Pasteur Institute in Ho Chi Minh City,Viện Pasteur Thành phố Hồ Chí Minh,TP. Hồ Chí Minh,http://www.pasteurhcm.gov.vn/
